{
  "project_info": {
    "project_number": "119520096564",
    "project_id": "wallet-app-8089c",
    "storage_bucket": "wallet-app-8089c.appspot.com"
  },
  "client": [
    {
      "client_info": {
        "mobilesdk_app_id": "1:119520096564:android:fc258f0ca3b61390e6b561",
        "android_client_info": {
          "package_name": "com.example.walletapp"
        }
      },
      "oauth_client": [],
      "api_key": [
        {
          "current_key": "AIzaSyCwyu6p1rZcXCH2DXoFIxe_rSucOArGSjo"
        }
      ],
      "services": {
        "appinvite_service": {
          "other_platform_oauth_client": []
        }
      }
    }
  ],
  "configuration_version": "1"
}