{
  "project_info": {
    "project_number": "236404810194",
    "project_id": "bank-app-b3ba5",
    "storage_bucket": "bank-app-b3ba5.appspot.com"
  },
  "client": [
    {
      "client_info": {
        "mobilesdk_app_id": "1:236404810194:android:2798b703f3a57735efe80b",
        "android_client_info": {
          "package_name": "com.example.bankapp"
        }
      },
      "oauth_client": [],
      "api_key": [
        {
          "current_key": "AIzaSyDX82MMDuq2sGUSS9BDEjrQnKZTZ0hPCEM"
        }
      ],
      "services": {
        "appinvite_service": {
          "other_platform_oauth_client": []
        }
      }
    }
  ],
  "configuration_version": "1"
}